﻿<?xml version="1.0" encoding="utf-8"?>
<Elements xmlns="http://schemas.microsoft.com/sharepoint/">
  <ListInstance Title="Navigation" OnQuickLaunch="TRUE" TemplateType="100" Url="Lists/Navigation" Description="My List Instance">
    <Data>
      <Rows>
        <Row>
          <Field Name="Link Url">http://google.com</Field>
          <Field Name="Link Order">1</Field>
          <Field Name="Show Menu Item">yes</Field>
          <Field Name="Parent Menu"></Field>
          <Field Name="Open New Window">yes</Field>
          <Field Name="Title">Here I am</Field>
        </Row>
      </Rows>
    </Data>
  </ListInstance>
</Elements>